BAGERHAT/AZITHROMYCIN,BAGERHAT/CALCIUM CARBONATE+VIT-D,BAGERHAT/CEFIXIME,BAGERHAT/DOMPERIDONE,BAGERHAT/ESOMEPRAZOLE,BAGERHAT/MELITRACEN+FLUPENTHIXOL,BAGERHAT/OMEPRAZOLE,BAGERHAT/PANTOPRAZOLE,BAGERHAT/PARACETAMOL,BAGERHAT/VITAMIN B1+B6+B12,BANDARBAN/AZITHROMYCIN,BANDARBAN/CALCIUM CARBONATE+VIT-D,BANDARBAN/CEFIXIME,BANDARBAN/DOMPERIDONE,BANDARBAN/ESOMEPRAZOLE,BANDARBAN/MELITRACEN+FLUPENTHIXOL,BANDARBAN/OMEPRAZOLE,BANDARBAN/PANTOPRAZOLE,BANDARBAN/PARACETAMOL,BANDARBAN/VITAMIN B1+B6+B12,BARGUNA/AZITHROMYCIN,BARGUNA/CALCIUM CARBONATE+VIT-D,BARGUNA/CEFIXIME,BARGUNA/DOMPERIDONE,BARGUNA/ESOMEPRAZOLE,BARGUNA/MELITRACEN+FLUPENTHIXOL,BARGUNA/OMEPRAZOLE,BARGUNA/PANTOPRAZOLE,BARGUNA/PARACETAMOL,BARGUNA/VITAMIN B1+B6+B12,BARISAL/AZITHROMYCIN,BARISAL/CALCIUM CARBONATE+VIT-D,BARISAL/CEFIXIME,BARISAL/DOMPERIDONE,BARISAL/ESOMEPRAZOLE,BARISAL/MELITRACEN+FLUPENTHIXOL,BARISAL/OMEPRAZOLE,BARISAL/PANTOPRAZOLE,BARISAL/PARACETAMOL,BARISAL/VITAMIN B1+B6+B12,BHOLA/AZITHROMYCIN,BHOLA/CALCIUM CARBONATE+VIT-D,BHOLA/CEFIXIME,BHOLA/DOMPERIDONE,BHOLA/ESOMEPRAZOLE,BHOLA/MELITRACEN+FLUPENTHIXOL,BHOLA/OMEPRAZOLE,BHOLA/PANTOPRAZOLE,BHOLA/PARACETAMOL,BHOLA/VITAMIN B1+B6+B12,BOGRA/AZITHROMYCIN,BOGRA/CALCIUM CARBONATE+VIT-D,BOGRA/CEFIXIME,BOGRA/DOMPERIDONE,BOGRA/ESOMEPRAZOLE,BOGRA/MELITRACEN+FLUPENTHIXOL,BOGRA/OMEPRAZOLE,BOGRA/PANTOPRAZOLE,BOGRA/PARACETAMOL,BOGRA/VITAMIN B1+B6+B12,BRAHMANBARIA/AZITHROMYCIN,BRAHMANBARIA/CALCIUM CARBONATE+VIT-D,BRAHMANBARIA/CEFIXIME,BRAHMANBARIA/DOMPERIDONE,BRAHMANBARIA/ESOMEPRAZOLE,BRAHMANBARIA/MELITRACEN+FLUPENTHIXOL,BRAHMANBARIA/OMEPRAZOLE,BRAHMANBARIA/PANTOPRAZOLE,BRAHMANBARIA/PARACETAMOL,BRAHMANBARIA/VITAMIN B1+B6+B12,CHANDPUR/AZITHROMYCIN,CHANDPUR/CALCIUM CARBONATE+VIT-D,CHANDPUR/CEFIXIME,CHANDPUR/DOMPERIDONE,CHANDPUR/ESOMEPRAZOLE,CHANDPUR/MELITRACEN+FLUPENTHIXOL,CHANDPUR/OMEPRAZOLE,CHANDPUR/PANTOPRAZOLE,CHANDPUR/PARACETAMOL,CHANDPUR/VITAMIN B1+B6+B12,CHITTAGONG/AZITHROMYCIN,CHITTAGONG/CALCIUM CARBONATE+VIT-D,CHITTAGONG/CEFIXIME,CHITTAGONG/DOMPERIDONE,CHITTAGONG/ESOMEPRAZOLE,CHITTAGONG/MELITRACEN+FLUPENTHIXOL,CHITTAGONG/OMEPRAZOLE,CHITTAGONG/PANTOPRAZOLE,CHITTAGONG/PARACETAMOL,CHITTAGONG/VITAMIN B1+B6+B12,CHUADANGA/AZITHROMYCIN,CHUADANGA/CALCIUM CARBONATE+VIT-D,CHUADANGA/CEFIXIME,CHUADANGA/DOMPERIDONE,CHUADANGA/ESOMEPRAZOLE,CHUADANGA/MELITRACEN+FLUPENTHIXOL,CHUADANGA/OMEPRAZOLE,CHUADANGA/PANTOPRAZOLE,CHUADANGA/PARACETAMOL,CHUADANGA/VITAMIN B1+B6+B12,COMILLA/AZITHROMYCIN,COMILLA/CALCIUM CARBONATE+VIT-D,COMILLA/CEFIXIME,COMILLA/DOMPERIDONE,COMILLA/ESOMEPRAZOLE,COMILLA/MELITRACEN+FLUPENTHIXOL,COMILLA/OMEPRAZOLE,COMILLA/PANTOPRAZOLE,COMILLA/PARACETAMOL,COMILLA/VITAMIN B1+B6+B12,COXS BAZAR/AZITHROMYCIN,COXS BAZAR/CALCIUM CARBONATE+VIT-D,COXS BAZAR/CEFIXIME,COXS BAZAR/DOMPERIDONE,COXS BAZAR/ESOMEPRAZOLE,COXS BAZAR/MELITRACEN+FLUPENTHIXOL,COXS BAZAR/OMEPRAZOLE,COXS BAZAR/PANTOPRAZOLE,COXS BAZAR/PARACETAMOL,COXS BAZAR/VITAMIN B1+B6+B12,DHAKA/AZITHROMYCIN,DHAKA/CALCIUM CARBONATE+VIT-D,DHAKA/CEFIXIME,DHAKA/DOMPERIDONE,DHAKA/ESOMEPRAZOLE,DHAKA/MELITRACEN+FLUPENTHIXOL,DHAKA/OMEPRAZOLE,DHAKA/PANTOPRAZOLE,DHAKA/PARACETAMOL,DHAKA/VITAMIN B1+B6+B12,DINAJPUR/AZITHROMYCIN,DINAJPUR/CALCIUM CARBONATE+VIT-D,DINAJPUR/CEFIXIME,DINAJPUR/DOMPERIDONE,DINAJPUR/ESOMEPRAZOLE,DINAJPUR/MELITRACEN+FLUPENTHIXOL,DINAJPUR/OMEPRAZOLE,DINAJPUR/PANTOPRAZOLE,DINAJPUR/PARACETAMOL,DINAJPUR/VITAMIN B1+B6+B12,FARIDPUR/AZITHROMYCIN,FARIDPUR/CALCIUM CARBONATE+VIT-D,FARIDPUR/CEFIXIME,FARIDPUR/DOMPERIDONE,FARIDPUR/ESOMEPRAZOLE,FARIDPUR/MELITRACEN+FLUPENTHIXOL,FARIDPUR/OMEPRAZOLE,FARIDPUR/PANTOPRAZOLE,FARIDPUR/PARACETAMOL,FARIDPUR/VITAMIN B1+B6+B12,FENI/AZITHROMYCIN,FENI/CALCIUM CARBONATE+VIT-D,FENI/CEFIXIME,FENI/DOMPERIDONE,FENI/ESOMEPRAZOLE,FENI/MELITRACEN+FLUPENTHIXOL,FENI/OMEPRAZOLE,FENI/PANTOPRAZOLE,FENI/PARACETAMOL,FENI/VITAMIN B1+B6+B12,GAIBANDHA/AZITHROMYCIN,GAIBANDHA/CALCIUM CARBONATE+VIT-D,GAIBANDHA/CEFIXIME,GAIBANDHA/DOMPERIDONE,GAIBANDHA/ESOMEPRAZOLE,GAIBANDHA/MELITRACEN+FLUPENTHIXOL,GAIBANDHA/OMEPRAZOLE,GAIBANDHA/PANTOPRAZOLE,GAIBANDHA/PARACETAMOL,GAIBANDHA/VITAMIN B1+B6+B12,GAZIPUR/AZITHROMYCIN,GAZIPUR/CALCIUM CARBONATE+VIT-D,GAZIPUR/CEFIXIME,GAZIPUR/DOMPERIDONE,GAZIPUR/ESOMEPRAZOLE,GAZIPUR/MELITRACEN+FLUPENTHIXOL,GAZIPUR/OMEPRAZOLE,GAZIPUR/PANTOPRAZOLE,GAZIPUR/PARACETAMOL,GAZIPUR/VITAMIN B1+B6+B12,GOPALGANJ/AZITHROMYCIN,GOPALGANJ/CALCIUM CARBONATE+VIT-D,GOPALGANJ/CEFIXIME,GOPALGANJ/DOMPERIDONE,GOPALGANJ/ESOMEPRAZOLE,GOPALGANJ/MELITRACEN+FLUPENTHIXOL,GOPALGANJ/OMEPRAZOLE,GOPALGANJ/PANTOPRAZOLE,GOPALGANJ/PARACETAMOL,GOPALGANJ/VITAMIN B1+B6+B12,HABIGANJ/AZITHROMYCIN,HABIGANJ/CALCIUM CARBONATE+VIT-D,HABIGANJ/CEFIXIME,HABIGANJ/DOMPERIDONE,HABIGANJ/ESOMEPRAZOLE,HABIGANJ/MELITRACEN+FLUPENTHIXOL,HABIGANJ/OMEPRAZOLE,HABIGANJ/PANTOPRAZOLE,HABIGANJ/PARACETAMOL,HABIGANJ/VITAMIN B1+B6+B12,JAMALPUR/AZITHROMYCIN,JAMALPUR/CALCIUM CARBONATE+VIT-D,JAMALPUR/CEFIXIME,JAMALPUR/DOMPERIDONE,JAMALPUR/ESOMEPRAZOLE,JAMALPUR/MELITRACEN+FLUPENTHIXOL,JAMALPUR/OMEPRAZOLE,JAMALPUR/PANTOPRAZOLE,JAMALPUR/PARACETAMOL,JAMALPUR/VITAMIN B1+B6+B12,JESSORE/AZITHROMYCIN,JESSORE/CALCIUM CARBONATE+VIT-D,JESSORE/CEFIXIME,JESSORE/DOMPERIDONE,JESSORE/ESOMEPRAZOLE,JESSORE/MELITRACEN+FLUPENTHIXOL,JESSORE/OMEPRAZOLE,JESSORE/PANTOPRAZOLE,JESSORE/PARACETAMOL,JESSORE/VITAMIN B1+B6+B12,JHALAKATI/AZITHROMYCIN,JHALAKATI/CALCIUM CARBONATE+VIT-D,JHALAKATI/CEFIXIME,JHALAKATI/DOMPERIDONE,JHALAKATI/ESOMEPRAZOLE,JHALAKATI/MELITRACEN+FLUPENTHIXOL,JHALAKATI/OMEPRAZOLE,JHALAKATI/PANTOPRAZOLE,JHALAKATI/PARACETAMOL,JHALAKATI/VITAMIN B1+B6+B12,JHENAIDAH/AZITHROMYCIN,JHENAIDAH/CALCIUM CARBONATE+VIT-D,JHENAIDAH/CEFIXIME,JHENAIDAH/DOMPERIDONE,JHENAIDAH/ESOMEPRAZOLE,JHENAIDAH/MELITRACEN+FLUPENTHIXOL,JHENAIDAH/OMEPRAZOLE,JHENAIDAH/PANTOPRAZOLE,JHENAIDAH/PARACETAMOL,JHENAIDAH/VITAMIN B1+B6+B12,JOYPURHAT/AZITHROMYCIN,JOYPURHAT/CALCIUM CARBONATE+VIT-D,JOYPURHAT/CEFIXIME,JOYPURHAT/DOMPERIDONE,JOYPURHAT/ESOMEPRAZOLE,JOYPURHAT/MELITRACEN+FLUPENTHIXOL,JOYPURHAT/OMEPRAZOLE,JOYPURHAT/PANTOPRAZOLE,JOYPURHAT/PARACETAMOL,JOYPURHAT/VITAMIN B1+B6+B12,KHAGRACHHARI/AZITHROMYCIN,KHAGRACHHARI/CALCIUM CARBONATE+VIT-D,KHAGRACHHARI/CEFIXIME,KHAGRACHHARI/DOMPERIDONE,KHAGRACHHARI/ESOMEPRAZOLE,KHAGRACHHARI/MELITRACEN+FLUPENTHIXOL,KHAGRACHHARI/OMEPRAZOLE,KHAGRACHHARI/PANTOPRAZOLE,KHAGRACHHARI/PARACETAMOL,KHAGRACHHARI/VITAMIN B1+B6+B12,KHULNA/AZITHROMYCIN,KHULNA/CALCIUM CARBONATE+VIT-D,KHULNA/CEFIXIME,KHULNA/DOMPERIDONE,KHULNA/ESOMEPRAZOLE,KHULNA/MELITRACEN+FLUPENTHIXOL,KHULNA/OMEPRAZOLE,KHULNA/PANTOPRAZOLE,KHULNA/PARACETAMOL,KHULNA/VITAMIN B1+B6+B12,KISHOREGANJ/AZITHROMYCIN,KISHOREGANJ/CALCIUM CARBONATE+VIT-D,KISHOREGANJ/CEFIXIME,KISHOREGANJ/DOMPERIDONE,KISHOREGANJ/ESOMEPRAZOLE,KISHOREGANJ/MELITRACEN+FLUPENTHIXOL,KISHOREGANJ/OMEPRAZOLE,KISHOREGANJ/PANTOPRAZOLE,KISHOREGANJ/PARACETAMOL,KISHOREGANJ/VITAMIN B1+B6+B12,KURIGRAM/AZITHROMYCIN,KURIGRAM/CALCIUM CARBONATE+VIT-D,KURIGRAM/CEFIXIME,KURIGRAM/DOMPERIDONE,KURIGRAM/ESOMEPRAZOLE,KURIGRAM/MELITRACEN+FLUPENTHIXOL,KURIGRAM/OMEPRAZOLE,KURIGRAM/PANTOPRAZOLE,KURIGRAM/PARACETAMOL,KURIGRAM/VITAMIN B1+B6+B12,KUSHTIA/AZITHROMYCIN,KUSHTIA/CALCIUM CARBONATE+VIT-D,KUSHTIA/CEFIXIME,KUSHTIA/DOMPERIDONE,KUSHTIA/ESOMEPRAZOLE,KUSHTIA/MELITRACEN+FLUPENTHIXOL,KUSHTIA/OMEPRAZOLE,KUSHTIA/PANTOPRAZOLE,KUSHTIA/PARACETAMOL,KUSHTIA/VITAMIN B1+B6+B12,LAKSHMIPUR/AZITHROMYCIN,LAKSHMIPUR/CALCIUM CARBONATE+VIT-D,LAKSHMIPUR/CEFIXIME,LAKSHMIPUR/DOMPERIDONE,LAKSHMIPUR/ESOMEPRAZOLE,LAKSHMIPUR/MELITRACEN+FLUPENTHIXOL,LAKSHMIPUR/OMEPRAZOLE,LAKSHMIPUR/PANTOPRAZOLE,LAKSHMIPUR/PARACETAMOL,LAKSHMIPUR/VITAMIN B1+B6+B12,LALMONIRHAT/AZITHROMYCIN,LALMONIRHAT/CALCIUM CARBONATE+VIT-D,LALMONIRHAT/CEFIXIME,LALMONIRHAT/DOMPERIDONE,LALMONIRHAT/ESOMEPRAZOLE,LALMONIRHAT/MELITRACEN+FLUPENTHIXOL,LALMONIRHAT/OMEPRAZOLE,LALMONIRHAT/PANTOPRAZOLE,LALMONIRHAT/PARACETAMOL,LALMONIRHAT/VITAMIN B1+B6+B12,MADARIPUR/AZITHROMYCIN,MADARIPUR/CALCIUM CARBONATE+VIT-D,MADARIPUR/CEFIXIME,MADARIPUR/DOMPERIDONE,MADARIPUR/ESOMEPRAZOLE,MADARIPUR/MELITRACEN+FLUPENTHIXOL,MADARIPUR/OMEPRAZOLE,MADARIPUR/PANTOPRAZOLE,MADARIPUR/PARACETAMOL,MADARIPUR/VITAMIN B1+B6+B12,MAGURA/AZITHROMYCIN,MAGURA/CALCIUM CARBONATE+VIT-D,MAGURA/CEFIXIME,MAGURA/DOMPERIDONE,MAGURA/ESOMEPRAZOLE,MAGURA/MELITRACEN+FLUPENTHIXOL,MAGURA/OMEPRAZOLE,MAGURA/PANTOPRAZOLE,MAGURA/PARACETAMOL,MAGURA/VITAMIN B1+B6+B12,MANIKGANJ/AZITHROMYCIN,MANIKGANJ/CALCIUM CARBONATE+VIT-D,MANIKGANJ/CEFIXIME,MANIKGANJ/DOMPERIDONE,MANIKGANJ/ESOMEPRAZOLE,MANIKGANJ/MELITRACEN+FLUPENTHIXOL,MANIKGANJ/OMEPRAZOLE,MANIKGANJ/PANTOPRAZOLE,MANIKGANJ/PARACETAMOL,MANIKGANJ/VITAMIN B1+B6+B12,MEHERPUR/AZITHROMYCIN,MEHERPUR/CALCIUM CARBONATE+VIT-D,MEHERPUR/CEFIXIME,MEHERPUR/DOMPERIDONE,MEHERPUR/ESOMEPRAZOLE,MEHERPUR/MELITRACEN+FLUPENTHIXOL,MEHERPUR/OMEPRAZOLE,MEHERPUR/PANTOPRAZOLE,MEHERPUR/PARACETAMOL,MEHERPUR/VITAMIN B1+B6+B12,MOULAVI BAZAR/AZITHROMYCIN,MOULAVI BAZAR/CALCIUM CARBONATE+VIT-D,MOULAVI BAZAR/CEFIXIME,MOULAVI BAZAR/DOMPERIDONE,MOULAVI BAZAR/ESOMEPRAZOLE,MOULAVI BAZAR/MELITRACEN+FLUPENTHIXOL,MOULAVI BAZAR/OMEPRAZOLE,MOULAVI BAZAR/PANTOPRAZOLE,MOULAVI BAZAR/PARACETAMOL,MOULAVI BAZAR/VITAMIN B1+B6+B12,MUNSHIGANJ/AZITHROMYCIN,MUNSHIGANJ/CALCIUM CARBONATE+VIT-D,MUNSHIGANJ/CEFIXIME,MUNSHIGANJ/DOMPERIDONE,MUNSHIGANJ/ESOMEPRAZOLE,MUNSHIGANJ/MELITRACEN+FLUPENTHIXOL,MUNSHIGANJ/OMEPRAZOLE,MUNSHIGANJ/PANTOPRAZOLE,MUNSHIGANJ/PARACETAMOL,MUNSHIGANJ/VITAMIN B1+B6+B12,MYMENSING/AZITHROMYCIN,MYMENSING/CALCIUM CARBONATE+VIT-D,MYMENSING/CEFIXIME,MYMENSING/DOMPERIDONE,MYMENSING/ESOMEPRAZOLE,MYMENSING/MELITRACEN+FLUPENTHIXOL,MYMENSING/OMEPRAZOLE,MYMENSING/PANTOPRAZOLE,MYMENSING/PARACETAMOL,MYMENSING/VITAMIN B1+B6+B12,NAOGAON/AZITHROMYCIN,NAOGAON/CALCIUM CARBONATE+VIT-D,NAOGAON/CEFIXIME,NAOGAON/DOMPERIDONE,NAOGAON/ESOMEPRAZOLE,NAOGAON/MELITRACEN+FLUPENTHIXOL,NAOGAON/OMEPRAZOLE,NAOGAON/PANTOPRAZOLE,NAOGAON/PARACETAMOL,NAOGAON/VITAMIN B1+B6+B12,NARAIL/AZITHROMYCIN,NARAIL/CALCIUM CARBONATE+VIT-D,NARAIL/CEFIXIME,NARAIL/DOMPERIDONE,NARAIL/ESOMEPRAZOLE,NARAIL/MELITRACEN+FLUPENTHIXOL,NARAIL/OMEPRAZOLE,NARAIL/PANTOPRAZOLE,NARAIL/PARACETAMOL,NARAIL/VITAMIN B1+B6+B12,NARAYANGANJ/AZITHROMYCIN,NARAYANGANJ/CALCIUM CARBONATE+VIT-D,NARAYANGANJ/CEFIXIME,NARAYANGANJ/DOMPERIDONE,NARAYANGANJ/ESOMEPRAZOLE,NARAYANGANJ/MELITRACEN+FLUPENTHIXOL,NARAYANGANJ/OMEPRAZOLE,NARAYANGANJ/PANTOPRAZOLE,NARAYANGANJ/PARACETAMOL,NARAYANGANJ/VITAMIN B1+B6+B12,NARSINGDI/AZITHROMYCIN,NARSINGDI/CALCIUM CARBONATE+VIT-D,NARSINGDI/CEFIXIME,NARSINGDI/DOMPERIDONE,NARSINGDI/ESOMEPRAZOLE,NARSINGDI/MELITRACEN+FLUPENTHIXOL,NARSINGDI/OMEPRAZOLE,NARSINGDI/PANTOPRAZOLE,NARSINGDI/PARACETAMOL,NARSINGDI/VITAMIN B1+B6+B12,NATORE/AZITHROMYCIN,NATORE/CALCIUM CARBONATE+VIT-D,NATORE/CEFIXIME,NATORE/DOMPERIDONE,NATORE/ESOMEPRAZOLE,NATORE/MELITRACEN+FLUPENTHIXOL,NATORE/OMEPRAZOLE,NATORE/PANTOPRAZOLE,NATORE/PARACETAMOL,NATORE/VITAMIN B1+B6+B12,NAWABGANJ/AZITHROMYCIN,NAWABGANJ/CALCIUM CARBONATE+VIT-D,NAWABGANJ/CEFIXIME,NAWABGANJ/DOMPERIDONE,NAWABGANJ/ESOMEPRAZOLE,NAWABGANJ/MELITRACEN+FLUPENTHIXOL,NAWABGANJ/OMEPRAZOLE,NAWABGANJ/PANTOPRAZOLE,NAWABGANJ/PARACETAMOL,NAWABGANJ/VITAMIN B1+B6+B12,NETROKONA/AZITHROMYCIN,NETROKONA/CALCIUM CARBONATE+VIT-D,NETROKONA/CEFIXIME,NETROKONA/DOMPERIDONE,NETROKONA/ESOMEPRAZOLE,NETROKONA/MELITRACEN+FLUPENTHIXOL,NETROKONA/OMEPRAZOLE,NETROKONA/PANTOPRAZOLE,NETROKONA/PARACETAMOL,NETROKONA/VITAMIN B1+B6+B12,NILPHAMARI/AZITHROMYCIN,NILPHAMARI/CALCIUM CARBONATE+VIT-D,NILPHAMARI/CEFIXIME,NILPHAMARI/DOMPERIDONE,NILPHAMARI/ESOMEPRAZOLE,NILPHAMARI/MELITRACEN+FLUPENTHIXOL,NILPHAMARI/OMEPRAZOLE,NILPHAMARI/PANTOPRAZOLE,NILPHAMARI/PARACETAMOL,NILPHAMARI/VITAMIN B1+B6+B12,NOAKHALI/AZITHROMYCIN,NOAKHALI/CALCIUM CARBONATE+VIT-D,NOAKHALI/CEFIXIME,NOAKHALI/DOMPERIDONE,NOAKHALI/ESOMEPRAZOLE,NOAKHALI/MELITRACEN+FLUPENTHIXOL,NOAKHALI/OMEPRAZOLE,NOAKHALI/PANTOPRAZOLE,NOAKHALI/PARACETAMOL,NOAKHALI/VITAMIN B1+B6+B12,PABNA/AZITHROMYCIN,PABNA/CALCIUM CARBONATE+VIT-D,PABNA/CEFIXIME,PABNA/DOMPERIDONE,PABNA/ESOMEPRAZOLE,PABNA/MELITRACEN+FLUPENTHIXOL,PABNA/OMEPRAZOLE,PABNA/PANTOPRAZOLE,PABNA/PARACETAMOL,PABNA/VITAMIN B1+B6+B12,PANCHAGARH/AZITHROMYCIN,PANCHAGARH/CALCIUM CARBONATE+VIT-D,PANCHAGARH/CEFIXIME,PANCHAGARH/DOMPERIDONE,PANCHAGARH/ESOMEPRAZOLE,PANCHAGARH/MELITRACEN+FLUPENTHIXOL,PANCHAGARH/OMEPRAZOLE,PANCHAGARH/PANTOPRAZOLE,PANCHAGARH/PARACETAMOL,PANCHAGARH/VITAMIN B1+B6+B12,PATUAKHALI/AZITHROMYCIN,PATUAKHALI/CALCIUM CARBONATE+VIT-D,PATUAKHALI/CEFIXIME,PATUAKHALI/DOMPERIDONE,PATUAKHALI/ESOMEPRAZOLE,PATUAKHALI/MELITRACEN+FLUPENTHIXOL,PATUAKHALI/OMEPRAZOLE,PATUAKHALI/PANTOPRAZOLE,PATUAKHALI/PARACETAMOL,PATUAKHALI/VITAMIN B1+B6+B12,PIROJPUR/AZITHROMYCIN,PIROJPUR/CALCIUM CARBONATE+VIT-D,PIROJPUR/CEFIXIME,PIROJPUR/DOMPERIDONE,PIROJPUR/ESOMEPRAZOLE,PIROJPUR/MELITRACEN+FLUPENTHIXOL,PIROJPUR/OMEPRAZOLE,PIROJPUR/PANTOPRAZOLE,PIROJPUR/PARACETAMOL,PIROJPUR/VITAMIN B1+B6+B12,RAJBARI/AZITHROMYCIN,RAJBARI/CALCIUM CARBONATE+VIT-D,RAJBARI/CEFIXIME,RAJBARI/DOMPERIDONE,RAJBARI/ESOMEPRAZOLE,RAJBARI/MELITRACEN+FLUPENTHIXOL,RAJBARI/OMEPRAZOLE,RAJBARI/PANTOPRAZOLE,RAJBARI/PARACETAMOL,RAJBARI/VITAMIN B1+B6+B12,RAJSHAHI/AZITHROMYCIN,RAJSHAHI/CALCIUM CARBONATE+VIT-D,RAJSHAHI/CEFIXIME,RAJSHAHI/DOMPERIDONE,RAJSHAHI/ESOMEPRAZOLE,RAJSHAHI/MELITRACEN+FLUPENTHIXOL,RAJSHAHI/OMEPRAZOLE,RAJSHAHI/PANTOPRAZOLE,RAJSHAHI/PARACETAMOL,RAJSHAHI/VITAMIN B1+B6+B12,RANGAMATI/AZITHROMYCIN,RANGAMATI/CALCIUM CARBONATE+VIT-D,RANGAMATI/CEFIXIME,RANGAMATI/DOMPERIDONE,RANGAMATI/ESOMEPRAZOLE,RANGAMATI/MELITRACEN+FLUPENTHIXOL,RANGAMATI/OMEPRAZOLE,RANGAMATI/PANTOPRAZOLE,RANGAMATI/PARACETAMOL,RANGAMATI/VITAMIN B1+B6+B12,RANGPUR/AZITHROMYCIN,RANGPUR/CALCIUM CARBONATE+VIT-D,RANGPUR/CEFIXIME,RANGPUR/DOMPERIDONE,RANGPUR/ESOMEPRAZOLE,RANGPUR/MELITRACEN+FLUPENTHIXOL,RANGPUR/OMEPRAZOLE,RANGPUR/PANTOPRAZOLE,RANGPUR/PARACETAMOL,RANGPUR/VITAMIN B1+B6+B12,SATKHIRA/AZITHROMYCIN,SATKHIRA/CALCIUM CARBONATE+VIT-D,SATKHIRA/CEFIXIME,SATKHIRA/DOMPERIDONE,SATKHIRA/ESOMEPRAZOLE,SATKHIRA/MELITRACEN+FLUPENTHIXOL,SATKHIRA/OMEPRAZOLE,SATKHIRA/PANTOPRAZOLE,SATKHIRA/PARACETAMOL,SATKHIRA/VITAMIN B1+B6+B12,SHARIATPUR/AZITHROMYCIN,SHARIATPUR/CALCIUM CARBONATE+VIT-D,SHARIATPUR/CEFIXIME,SHARIATPUR/DOMPERIDONE,SHARIATPUR/ESOMEPRAZOLE,SHARIATPUR/MELITRACEN+FLUPENTHIXOL,SHARIATPUR/OMEPRAZOLE,SHARIATPUR/PANTOPRAZOLE,SHARIATPUR/PARACETAMOL,SHARIATPUR/VITAMIN B1+B6+B12,SHERPUR/AZITHROMYCIN,SHERPUR/CALCIUM CARBONATE+VIT-D,SHERPUR/CEFIXIME,SHERPUR/DOMPERIDONE,SHERPUR/ESOMEPRAZOLE,SHERPUR/MELITRACEN+FLUPENTHIXOL,SHERPUR/OMEPRAZOLE,SHERPUR/PANTOPRAZOLE,SHERPUR/PARACETAMOL,SHERPUR/VITAMIN B1+B6+B12,SIRAJGANJ/AZITHROMYCIN,SIRAJGANJ/CALCIUM CARBONATE+VIT-D,SIRAJGANJ/CEFIXIME,SIRAJGANJ/DOMPERIDONE,SIRAJGANJ/ESOMEPRAZOLE,SIRAJGANJ/MELITRACEN+FLUPENTHIXOL,SIRAJGANJ/OMEPRAZOLE,SIRAJGANJ/PANTOPRAZOLE,SIRAJGANJ/PARACETAMOL,SIRAJGANJ/VITAMIN B1+B6+B12,SUNAMGANJ/AZITHROMYCIN,SUNAMGANJ/CALCIUM CARBONATE+VIT-D,SUNAMGANJ/CEFIXIME,SUNAMGANJ/DOMPERIDONE,SUNAMGANJ/ESOMEPRAZOLE,SUNAMGANJ/MELITRACEN+FLUPENTHIXOL,SUNAMGANJ/OMEPRAZOLE,SUNAMGANJ/PANTOPRAZOLE,SUNAMGANJ/PARACETAMOL,SUNAMGANJ/VITAMIN B1+B6+B12,SYLHET/AZITHROMYCIN,SYLHET/CALCIUM CARBONATE+VIT-D,SYLHET/CEFIXIME,SYLHET/DOMPERIDONE,SYLHET/ESOMEPRAZOLE,SYLHET/MELITRACEN+FLUPENTHIXOL,SYLHET/OMEPRAZOLE,SYLHET/PANTOPRAZOLE,SYLHET/PARACETAMOL,SYLHET/VITAMIN B1+B6+B12,TANGAIL/AZITHROMYCIN,TANGAIL/CALCIUM CARBONATE+VIT-D,TANGAIL/CEFIXIME,TANGAIL/DOMPERIDONE,TANGAIL/ESOMEPRAZOLE,TANGAIL/MELITRACEN+FLUPENTHIXOL,TANGAIL/OMEPRAZOLE,TANGAIL/PANTOPRAZOLE,TANGAIL/PARACETAMOL,TANGAIL/VITAMIN B1+B6+B12,THAKURGAON/AZITHROMYCIN,THAKURGAON/CALCIUM CARBONATE+VIT-D,THAKURGAON/CEFIXIME,THAKURGAON/DOMPERIDONE,THAKURGAON/ESOMEPRAZOLE,THAKURGAON/MELITRACEN+FLUPENTHIXOL,THAKURGAON/OMEPRAZOLE,THAKURGAON/PANTOPRAZOLE,THAKURGAON/PARACETAMOL,THAKURGAON/VITAMIN B1+B6+B12
36,39,37,42,84,25,76,34,52,31,9,9,6,7,15,4,32,6,19,5,27,33,29,19,56,26,70,19,37,20,98,146,75,144,267,104,288,131,160,114,39,47,28,54,107,42,96,20,63,31,123,142,62,120,233,79,209,42,104,112,93,82,93,116,207,66,82,52,183,39,64,95,26,58,158,40,146,39,84,72,156,446,108,383,752,239,549,314,532,255,39,28,28,21,86,25,79,25,53,23,259,277,187,318,576,227,343,159,468,161,42,149,42,107,271,86,144,54,153,127,645,1062,586,777,1757,590,1695,523,1441,740,87,72,71,54,135,33,115,51,147,62,84,130,72,139,334,68,216,95,151,107,52,71,26,54,137,53,79,30,116,57,35,26,23,29,51,27,41,22,27,20,107,118,62,84,224,82,156,45,125,86,17,48,14,27,63,28,40,34,42,28,68,43,44,43,109,40,88,44,121,31,51,48,36,22,124,32,59,51,61,34,83,67,75,96,177,74,148,90,99,77,24,30,16,20,64,32,61,23,27,18,14,38,16,33,107,24,62,24,38,39,33,28,21,27,70,21,42,11,35,25,8,19,4,12,29,12,34,4,31,26,81,114,93,169,308,125,200,123,148,119,104,148,77,99,362,136,154,57,140,125,39,40,39,23,81,37,58,33,44,32,46,48,31,70,165,49,133,43,66,48,52,48,17,32,81,31,86,18,76,35,21,19,16,18,41,13,31,16,37,20,20,15,14,19,48,10,42,17,23,13,34,37,25,24,77,24,60,42,40,14,26,46,43,47,82,49,64,39,52,39,10,4,23,17,28,5,45,16,18,8,86,68,64,87,165,82,109,55,157,59,33,52,36,35,63,29,80,25,43,27,183,185,100,185,318,126,260,67,162,153,34,46,26,68,119,27,79,32,47,39,10,18,12,20,34,18,45,22,23,13,70,84,59,71,134,50,128,37,118,37,26,62,20,36,101,47,101,23,56,30,21,21,24,26,54,22,36,20,41,17,16,40,14,19,43,13,40,27,26,30,61,56,53,61,140,38,71,30,67,34,55,50,33,31,71,21,67,13,80,30,114,135,35,108,228,92,147,85,184,73,45,30,33,36,114,23,76,43,61,32,23,17,17,20,32,8,28,23,31,10,60,75,40,44,137,61,101,45,102,46,32,60,26,49,92,45,84,38,55,40,15,30,16,22,67,17,53,25,35,29,121,109,70,206,295,108,306,108,145,83,4,20,3,17,28,10,21,5,10,11,104,147,79,111,228,136,255,101,142,129,33,25,12,27,89,33,40,22,34,24,10,17,14,8,40,8,42,5,16,16,51,39,37,21,90,23,45,18,41,25,50,30,45,38,82,38,75,19,45,27,92,84,64,81,117,40,87,55,136,30,288,276,222,325,573,258,490,162,450,208,90,124,41,64,193,71,147,73,100,96,37,48,29,32,82,17,73,32,50,32
42,50,37,48,94,24,83,37,56,30,10,8,2,9,11,2,29,1,19,7,37,51,25,34,93,28,58,22,32,46,151,228,92,187,430,184,464,189,213,198,60,82,50,94,187,79,171,38,103,74,189,219,106,212,390,154,302,75,199,191,122,151,140,185,324,137,148,95,250,89,124,169,49,113,343,111,253,99,206,136,171,619,119,547,1090,356,837,357,740,398,48,18,25,30,76,26,72,20,49,24,338,425,285,500,913,358,539,253,595,285,48,173,19,144,286,112,173,58,138,154,812,1316,778,888,2145,718,1958,603,1816,827,121,100,47,68,207,58,171,65,206,92,61,140,75,145,350,99,215,95,142,105,93,141,50,83,219,108,151,58,176,81,59,48,55,58,120,61,95,36,56,42,155,188,108,125,378,139,247,82,216,141,29,48,27,57,110,55,71,81,56,47,119,84,55,91,167,82,131,54,214,60,55,72,83,74,182,64,134,61,78,73,94,88,72,128,253,104,189,122,119,134,31,53,16,22,105,24,56,50,40,39,30,48,23,54,113,51,103,35,42,65,81,60,54,49,130,34,63,22,112,45,6,20,5,13,33,16,49,9,32,27,106,141,118,192,457,184,271,148,169,179,118,209,77,160,487,216,217,82,213,182,66,69,26,54,121,67,105,43,74,50,45,82,45,125,252,71,175,85,85,63,64,68,37,81,194,73,100,35,118,36,25,38,20,30,72,20,30,13,51,19,32,69,32,30,124,28,88,32,59,40,20,55,17,42,91,40,79,42,32,38,46,62,65,49,129,61,116,53,70,71,9,23,17,26,43,21,82,13,19,26,131,115,83,158,280,132,163,88,193,89,71,118,72,47,177,55,157,37,118,56,247,289,176,255,449,177,309,102,230,199,77,98,53,142,179,65,104,69,69,69,30,31,22,33,65,20,52,40,37,16,122,160,90,112,237,103,282,73,191,94,65,127,52,76,208,73,201,43,145,62,49,66,42,54,137,36,55,33,73,49,49,63,43,45,74,29,76,43,43,51,94,94,65,91,195,65,86,55,117,63,76,75,39,48,105,43,90,22,102,41,176,225,82,155,441,174,296,105,261,141,84,66,84,69,194,54,117,76,136,61,23,27,20,21,50,11,43,23,50,17,68,94,54,67,190,76,136,49,114,52,57,91,32,73,183,73,99,53,80,59,19,50,20,29,86,30,56,49,40,36,127,137,97,225,370,161,304,85,173,97,12,12,1,13,30,9,24,3,15,12,142,187,90,142,314,187,273,107,156,171,50,34,33,81,157,63,100,53,49,57,24,31,36,11,65,8,49,17,46,26,39,59,62,31,95,32,75,27,58,24,70,94,67,70,182,76,155,49,110,67,93,114,82,106,181,54,131,81,199,51,280,291,260,375,608,269,480,184,505,195,119,199,76,119,298,136,267,140,159,169,47,71,34,57,105,37,99,63,81,54
55,78,57,86,200,42,79,74,85,45,14,7,8,12,23,4,38,7,38,4,45,49,52,27,89,37,62,36,56,22,223,250,145,202,449,237,569,201,371,265,87,81,42,111,241,89,167,45,119,115,181,217,111,198,382,141,294,68,198,192,158,179,124,222,445,148,213,113,291,107,134,205,64,135,357,127,288,112,222,142,298,780,172,649,1362,505,1038,520,1058,515,56,43,37,59,164,30,102,27,106,46,450,551,317,602,1136,463,650,299,757,341,106,245,67,212,400,184,313,119,332,158,1177,1700,1192,1254,3046,1065,2696,804,2902,1254,117,118,77,77,185,55,147,65,153,100,106,171,127,199,400,123,336,124,231,122,93,123,57,88,232,119,192,54,225,86,100,47,39,57,139,51,69,42,56,52,161,187,120,128,394,115,221,75,211,113,40,57,29,48,115,42,58,66,89,53,124,71,93,93,195,60,132,61,254,46,89,118,100,76,272,89,139,75,92,115,128,137,140,177,401,142,239,125,176,145,37,54,28,18,73,27,79,48,58,26,41,62,45,62,206,75,138,46,67,78,78,69,42,44,134,33,59,19,81,40,16,36,15,21,49,21,69,3,73,29,247,209,238,296,579,261,464,231,384,266,186,274,133,225,698,255,323,131,300,210,81,89,31,51,122,62,109,41,81,44,74,123,60,124,302,109,185,93,132,98,64,76,25,61,170,54,87,41,130,46,43,40,32,25,96,31,49,14,72,29,71,74,75,38,159,39,143,69,159,55,34,50,27,47,107,39,84,46,51,39,49,68,80,66,128,70,110,44,90,56,17,13,24,28,52,12,61,16,38,20,132,101,112,166,280,159,146,83,221,85,55,115,52,60,165,55,124,46,96,60,324,371,215,360,686,253,509,167,350,317,90,73,42,100,193,68,100,63,102,90,43,34,21,26,80,18,27,51,69,36,154,163,130,160,315,123,337,74,270,95,138,189,104,118,331,130,280,60,228,105,49,67,42,67,103,37,58,46,72,43,39,63,40,48,81,36,68,51,55,62,130,121,87,111,276,87,110,51,174,74,82,71,61,47,120,46,78,38,146,36,194,264,74,169,503,234,265,164,274,128,111,96,96,57,206,62,203,68,156,76,33,38,33,13,46,21,57,31,40,24,88,101,69,55,178,90,131,42,145,59,72,110,43,76,137,64,145,70,103,60,35,32,29,41,98,28,60,38,67,38,190,183,167,281,494,232,396,131,289,155,6,20,1,19,34,7,34,2,33,20,172,244,119,178,359,242,350,136,246,185,94,74,51,81,205,72,130,81,104,67,45,56,50,28,109,25,96,18,45,27,69,57,37,41,129,44,54,25,69,42,90,102,61,66,163,65,141,57,73,64,127,121,101,186,199,87,147,92,229,63,351,445,363,502,780,380,707,256,674,306,139,239,87,135,365,162,335,144,218,221,66,74,50,46,134,33,97,57,89,47
64,97,74,70,200,44,114,67,112,78,24,16,15,13,31,9,64,9,45,19,91,98,50,67,179,53,125,56,110,67,310,391,221,342,736,404,733,325,484,367,97,102,80,137,293,103,185,76,172,101,248,285,152,280,543,204,423,114,266,245,175,256,153,293,562,192,255,134,374,168,139,212,111,142,442,122,283,131,290,175,481,1212,392,1017,1898,672,1457,671,1682,767,95,36,51,79,169,36,161,33,135,40,584,625,514,708,1284,472,796,333,986,411,167,327,100,285,535,220,354,149,439,234,1385,2226,1269,1611,3735,1272,3299,1060,3376,1576,198,207,142,127,360,89,311,91,382,159,175,274,177,301,709,209,499,193,345,235,122,188,83,95,281,163,223,61,336,147,64,49,54,68,119,49,79,43,76,39,238,319,200,199,594,159,337,139,355,230,56,78,33,79,169,82,102,88,143,81,131,126,70,156,305,134,198,93,252,95,97,115,70,105,298,78,132,107,109,119,167,161,141,242,469,135,273,146,218,155,68,66,33,34,119,36,118,58,103,42,69,71,36,59,197,59,117,59,88,66,110,70,50,68,141,53,84,27,120,66,25,50,20,31,77,24,75,22,75,51,236,284,238,327,683,269,497,221,352,242,266,334,184,301,795,266,390,149,427,240,130,106,74,107,206,114,163,69,151,79,121,137,114,183,496,138,309,145,219,161,75,75,49,65,193,61,103,46,163,51,81,56,45,57,157,53,91,26,124,37,76,75,57,60,204,46,155,76,122,68,54,39,30,51,111,47,75,67,78,33,67,94,106,82,155,89,164,84,125,96,30,22,27,51,56,18,97,17,46,30,132,163,95,244,418,239,279,122,278,152,88,127,37,66,154,64,128,50,137,58,330,408,151,400,774,301,515,191,409,352,102,112,81,134,203,67,129,81,140,79,40,30,30,31,66,10,39,53,60,16,172,253,103,236,386,172,379,102,273,132,96,221,106,122,350,105,252,68,237,110,73,88,90,122,274,77,123,104,137,92,107,158,90,128,246,65,166,79,136,140,113,132,80,176,345,117,170,58,175,107,150,106,84,95,164,65,124,50,224,56,223,248,140,201,506,223,326,147,327,149,162,154,153,145,416,115,308,139,267,132,61,54,27,52,94,34,49,64,66,58,132,137,88,82,240,123,240,92,219,72,109,147,64,102,232,90,154,92,151,78,44,40,40,59,146,54,66,51,76,45,320,295,254,637,987,436,779,243,487,328,22,22,5,13,29,12,36,2,45,19,353,453,222,358,783,477,730,282,500,375,63,67,42,60,204,48,103,44,102,66,32,59,48,21,105,20,105,13,69,56,68,75,33,81,188,58,106,46,82,40,127,118,77,102,221,95,182,89,137,57,119,147,72,183,274,142,219,127,272,97,364,581,259,791,1146,535,957,330,749,465,231,261,161,201,538,170,370,199,321,247,76,123,51,65,206,47,126,97,131,72
78,78,54,95,193,47,122,72,105,52,18,16,11,12,18,3,41,15,33,12,89,100,59,80,158,66,157,40,124,68,294,379,160,347,697,310,662,281,415,335,119,97,67,158,245,99,198,55,154,77,272,336,181,359,630,235,502,129,264,303,104,176,86,253,408,159,193,122,190,118,141,187,92,128,296,88,238,96,266,119,527,1188,435,1049,1955,508,1417,670,1624,698,81,49,52,61,181,46,155,31,106,53,467,603,495,729,1301,384,725,290,882,369,157,319,110,267,468,132,293,118,398,222,988,1918,973,1527,3104,978,2818,870,2632,1340,133,119,81,93,242,47,191,67,207,113,155,250,143,246,605,187,395,190,292,194,102,158,69,100,254,81,150,65,236,76,95,73,52,84,151,48,105,51,92,44,65,152,75,137,382,84,184,57,142,117,74,82,39,95,163,69,92,81,134,89,74,133,59,148,294,96,201,87,182,99,35,81,31,72,183,59,76,97,69,78,139,138,105,165,368,107,216,106,181,132,62,62,38,40,138,34,118,57,103,42,60,77,28,68,192,49,115,53,78,92,67,56,46,63,147,38,67,26,69,42,25,49,24,29,61,20,64,15,65,38,214,265,191,369,648,293,496,228,297,279,131,194,61,165,440,192,266,85,175,182,74,76,32,75,134,68,119,58,77,64,127,150,81,205,439,129,266,107,141,150,78,76,44,80,160,39,110,33,142,45,46,32,26,54,103,13,38,12,55,29,57,57,45,44,166,31,120,55,88,57,58,57,26,70,136,37,99,59,63,40,19,53,33,70,108,55,74,35,48,46,12,27,21,35,56,13,77,21,43,27,88,121,39,240,268,122,182,79,147,86,43,86,43,62,163,44,112,42,87,49,232,344,82,433,753,255,519,156,286,349,92,119,66,164,233,89,130,74,111,100,33,32,11,27,45,11,54,29,55,18,117,140,61,145,222,95,238,63,174,70,93,214,35,92,310,94,186,58,157,108,64,121,42,83,197,53,91,58,77,96,53,98,44,60,138,37,93,45,73,79,50,80,28,139,244,89,108,43,86,73,82,119,77,98,196,74,146,38,195,63,199,284,119,238,543,188,333,153,355,166,72,140,66,115,309,64,180,91,131,93,33,57,41,27,88,36,47,56,56,34,144,144,84,107,273,122,211,92,209,100,157,121,69,104,184,99,195,77,189,85,54,56,31,73,160,50,88,51,80,56,247,327,144,493,798,257,651,223,302,283,15,32,7,25,26,17,47,7,52,22,269,399,151,339,705,372,586,216,413,331,60,59,38,68,222,62,85,47,74,63,24,41,36,11,68,12,64,16,42,34,37,52,18,51,151,41,60,32,47,42,71,107,65,96,173,53,113,46,114,64,64,67,31,119,144,62,108,56,105,35,213,351,175,571,820,318,601,202,432,322,96,193,70,128,304,118,276,94,134,176,72,82,49,88,154,51,99,89,119,62
66,80,51,62,177,35,84,66,95,66,32,22,21,17,29,6,67,11,55,17,116,109,63,73,196,77,165,72,182,65,288,354,176,378,671,269,628,266,416,326,162,142,103,209,385,120,327,91,217,127,212,331,158,357,699,183,415,118,250,318,119,311,90,339,578,154,253,124,223,177,197,269,164,211,505,132,392,128,333,165,649,1337,502,1098,2142,439,1421,696,1891,796,80,49,58,85,231,52,183,26,122,44,488,744,548,837,1512,464,843,376,1077,432,263,439,201,362,693,214,461,145,634,295,979,2054,1072,1619,3531,865,3046,928,2774,1436,121,193,103,121,287,54,266,65,214,136,195,304,165,344,723,206,487,174,306,228,95,218,82,126,324,105,216,80,262,123,71,82,50,90,170,47,106,57,88,77,200,356,160,264,739,138,365,143,343,206,44,98,33,90,196,97,108,86,93,106,114,161,69,145,381,106,245,89,203,133,69,144,69,121,342,89,165,97,107,132,134,165,138,236,508,115,322,166,206,191,52,70,34,33,116,32,125,62,112,53,79,94,39,100,276,73,146,65,95,101,95,107,68,89,254,68,129,30,113,119,44,95,31,45,89,34,93,28,107,65,172,224,160,318,556,203,382,165,267,219,281,482,215,367,1122,353,498,182,440,400,120,193,73,148,285,136,229,60,171,140,120,196,82,292,602,144,348,142,193,173,80,103,58,71,196,41,133,49,139,48,69,59,46,61,163,39,78,27,89,58,61,114,52,70,209,52,172,71,81,94,61,75,53,82,174,53,128,66,77,47,44,79,51,95,191,69,116,48,87,98,16,29,33,37,92,35,128,16,32,54,134,201,101,291,426,165,253,102,206,165,84,149,79,76,213,65,167,53,148,76,273,402,115,440,863,230,558,192,271,358,142,156,94,250,297,118,203,115,197,145,34,57,31,62,111,25,74,42,70,36,175,281,130,269,398,136,438,96,329,152,118,356,107,186,474,131,322,126,235,138,46,137,51,100,265,72,125,99,79,108,35,179,43,128,223,38,175,69,77,135,118,208,53,216,420,148,183,76,159,149,77,120,56,94,193,51,115,43,135,87,245,451,186,372,793,282,526,227,401,257,96,191,80,134,410,97,281,107,185,123,54,62,26,43,115,32,51,55,66,34,131,191,118,120,340,152,236,109,226,109,146,186,57,127,267,110,222,116,200,118,47,54,35,54,131,41,79,44,67,38,190,298,108,466,708,205,573,196,272,249,36,38,10,43,86,24,55,10,63,42,194,306,130,298,581,300,451,164,287,280,83,108,50,100,353,93,141,104,123,124,30,61,51,22,146,16,98,21,52,43,59,108,47,58,200,67,151,52,105,77,123,144,89,124,351,87,187,116,179,132,125,186,38,268,316,116,212,150,175,102,291,495,185,744,953,322,803,284,487,370,212,348,127,263,590,186,457,256,332,323,91,97,65,115,249,58,136,96,121,94
98,89,68,75,228,46,120,59,123,76,16,12,25,16,30,5,44,6,53,7,115,90,84,81,166,82,140,61,164,69,376,385,241,385,805,297,631,316,649,349,183,121,87,151,328,101,227,75,251,110,353,325,201,393,670,209,458,171,323,325,147,252,118,304,556,133,246,155,328,143,199,290,182,218,542,132,346,153,497,209,588,1123,476,935,1677,419,1208,622,2051,567,114,72,75,79,265,71,174,36,172,68,600,683,670,804,1479,418,805,419,1304,405,125,306,114,240,456,143,300,126,374,210,1895,2560,1833,2068,4600,1135,3640,1312,4679,1780,269,208,163,160,369,70,305,104,458,153,290,350,247,352,873,212,538,212,540,271,131,209,99,130,298,94,190,70,393,129,91,56,46,91,133,48,78,64,93,44,169,285,194,208,531,95,280,101,346,190,72,126,53,90,193,84,125,87,154,109,161,129,103,160,341,106,253,89,321,100,122,166,87,101,344,90,128,95,175,136,167,161,152,239,498,149,299,159,230,159,88,81,44,43,122,39,117,46,140,60,109,101,73,132,292,91,151,80,163,112,80,59,45,77,130,38,87,25,118,53,35,52,18,25,68,15,62,24,89,38,252,221,246,356,630,243,443,233,426,254,195,292,142,238,715,231,361,168,364,245,141,130,63,124,237,129,181,52,215,70,158,153,123,239,478,106,334,131,341,142,119,114,90,102,277,53,164,46,244,61,77,51,37,48,127,35,60,28,78,37,76,68,79,47,156,27,123,70,158,43,87,77,53,84,193,51,130,92,119,40,64,87,113,76,177,71,114,43,144,73,30,38,34,39,81,31,92,26,50,48,158,171,111,225,404,177,210,102,345,129,92,127,76,64,177,51,160,44,151,72,395,470,171,538,958,315,574,235,417,447,149,128,82,249,314,85,186,90,192,110,53,38,37,62,109,20,88,47,90,37,172,220,173,175,380,118,324,98,338,128,116,233,75,130,372,83,205,80,171,115,72,125,59,124,301,85,138,73,135,113,48,129,39,77,176,24,94,47,75,91,139,131,72,206,368,122,135,61,155,116,146,146,93,107,212,60,148,72,255,80,274,394,230,306,629,205,478,230,578,202,96,140,58,138,379,91,207,110,199,119,63,57,62,44,109,23,54,46,120,21,231,162,176,144,375,160,309,144,360,112,149,146,89,124,232,102,187,105,238,71,100,62,50,88,218,62,134,94,156,57,214,299,100,462,782,182,570,214,362,262,16,18,7,26,37,8,31,1,49,18,356,411,189,403,812,386,602,270,507,423,91,86,60,119,332,70,143,98,118,80,37,70,61,26,138,29,73,27,81,36,94,82,30,86,196,47,117,59,118,72,124,137,95,105,270,68,160,71,198,90,118,136,56,176,243,77,153,107,219,65,412,591,266,724,1087,411,838,339,824,457,184,256,186,216,496,138,395,185,350,247,87,96,79,106,257,74,112,92,152,66
114,91,95,112,279,47,114,72,138,75,34,15,29,21,46,4,63,7,64,14,159,99,135,105,231,103,184,102,231,88,398,419,307,450,876,385,780,423,675,399,178,148,161,209,450,141,299,79,291,137,280,350,172,449,672,216,467,128,282,278,221,301,195,419,693,195,334,191,440,181,187,241,205,228,490,103,344,144,458,139,748,1151,710,1094,1893,444,1297,686,2565,618,141,80,99,100,291,86,235,52,237,64,649,716,765,960,1582,423,825,421,1516,469,212,346,175,332,593,145,364,153,517,225,1714,2226,1879,2142,4381,1033,3447,1202,4443,1532,228,253,153,204,434,82,302,128,397,187,265,277,274,375,906,218,536,213,533,230,159,202,133,159,332,100,215,77,403,89,103,87,62,90,171,57,102,70,100,69,282,398,338,298,891,201,416,137,467,231,102,147,78,122,274,80,114,144,208,122,180,178,136,206,385,118,231,123,368,115,112,148,109,138,328,79,166,119,178,117,223,162,218,316,616,165,321,184,307,203,94,73,69,70,145,41,116,47,197,47,126,87,87,150,308,95,178,124,157,131,112,76,63,104,188,46,93,27,170,61,49,84,55,38,122,26,107,32,147,61,273,262,239,348,620,271,415,257,386,250,369,465,380,469,1272,382,476,239,650,339,158,149,93,145,299,145,259,73,211,103,219,200,159,319,705,181,410,166,376,183,113,95,118,115,234,41,151,48,277,50,126,49,56,91,189,47,91,38,163,69,148,146,178,121,348,73,228,135,260,74,103,78,61,106,229,66,175,109,121,43,101,126,136,117,278,113,178,104,178,117,51,33,42,48,88,24,108,21,80,37,210,179,145,268,429,164,265,110,379,180,131,148,142,120,253,96,229,60,252,90,345,436,213,503,919,251,520,249,440,373,152,142,88,266,331,107,243,98,188,126,41,44,55,79,128,45,122,52,107,43,359,368,335,381,678,176,619,205,598,226,246,430,248,282,664,182,408,178,443,201,77,156,52,135,263,75,133,96,135,112,61,114,72,104,228,20,125,70,94,115,195,199,127,267,535,148,207,97,232,159,174,173,99,135,264,103,217,66,283,91,300,314,226,292,593,189,370,196,595,178,150,226,103,204,578,107,349,136,337,173,57,63,61,49,138,30,56,58,129,30,238,164,226,134,374,157,266,149,403,100,170,192,116,150,308,98,231,140,283,107,67,48,47,85,177,51,74,52,114,41,304,277,138,553,913,220,548,258,417,249,34,37,20,23,44,14,68,7,95,46,297,320,217,382,827,360,523,244,390,345,98,108,76,100,337,53,136,74,128,91,62,105,83,33,216,46,129,35,146,65,133,103,70,110,267,71,162,70,159,94,163,143,125,132,353,93,189,94,214,120,245,192,177,279,357,122,249,187,460,111,493,514,423,724,1055,359,825,355,829,354,354,368,324,363,780,225,583,303,539,348,96,137,102,165,322,82,155,142,223,114
80,62,67,59,174,34,79,61,93,57,20,18,20,17,32,1,41,8,67,10,85,77,99,72,170,55,132,62,145,53,263,273,211,277,556,249,452,227,539,217,121,126,101,190,311,130,214,83,224,80,213,218,156,258,446,171,352,99,216,212,144,224,138,300,500,135,194,161,351,163,183,207,173,195,476,130,283,133,437,156,440,826,487,756,1497,413,1026,536,1634,498,94,45,59,69,165,51,134,36,126,43,407,489,502,548,1052,307,594,311,973,336,144,267,125,207,405,142,262,131,424,227,938,1548,1106,1354,2935,706,2356,945,2518,1083,141,144,119,119,245,62,207,108,297,118,148,168,186,193,475,128,292,134,318,125,108,144,131,104,274,83,156,65,348,97,68,69,67,84,161,42,112,73,72,55,208,262,207,193,636,147,321,115,350,199,63,95,41,71,151,63,65,82,124,57,158,142,106,164,414,101,182,105,340,88,113,126,90,103,300,80,131,96,152,136,150,126,146,194,449,127,256,117,250,115,52,50,48,37,94,31,123,52,100,33,69,54,70,95,272,73,135,67,112,80,102,63,63,90,177,50,97,20,125,61,28,51,19,36,62,23,64,25,91,37,218,178,195,280,488,184,321,163,337,171,286,391,206,326,929,298,388,193,431,303,95,89,47,88,201,96,149,75,146,88,117,142,129,202,454,116,248,107,218,134,56,61,57,70,156,43,105,40,145,33,77,50,45,50,144,34,57,52,128,51,51,92,81,39,166,35,149,77,125,75,57,42,44,59,121,49,128,74,81,20,48,67,91,70,149,60,135,52,98,66,12,14,27,22,69,20,57,15,38,26,151,151,146,236,363,180,215,109,370,113,72,99,73,64,174,64,149,46,158,63,274,349,184,352,662,184,416,144,326,315,120,91,92,197,279,88,120,79,145,85,48,28,30,64,87,25,71,49,86,23,199,242,160,219,462,143,367,149,284,145,161,251,149,172,466,124,248,102,245,97,64,101,34,109,179,67,119,60,124,78,48,59,43,48,121,11,75,48,73,50,144,193,101,187,417,129,148,74,232,136,85,98,73,83,178,50,105,50,169,65,216,271,162,222,496,171,356,168,426,153,96,132,73,153,408,88,207,112,177,101,43,51,44,38,100,26,49,48,80,25,128,137,152,107,239,124,200,121,278,76,108,100,99,95,166,80,162,79,195,41,54,61,39,62,148,39,85,54,86,44,169,207,109,340,572,140,361,159,271,172,20,29,13,17,46,17,43,9,42,20,166,172,117,186,409,214,345,137,263,233,84,90,58,92,261,60,112,64,110,71,48,60,59,20,114,15,53,28,78,30,80,64,63,81,184,54,105,65,120,56,101,111,95,102,253,74,173,108,159,72,126,143,90,190,236,133,186,119,271,94,309,450,266,539,864,333,640,303,578,288,150,248,169,227,479,162,336,229,308,227,79,84,67,66,183,53,107,72,131,54
60,72,74,78,174,36,88,82,105,58,25,17,20,19,37,,44,16,75,10,54,77,78,56,123,63,120,73,92,63,247,274,167,316,601,265,456,319,436,206,96,116,108,155,275,117,238,58,194,95,194,196,170,240,469,150,314,105,235,210,156,169,119,264,471,124,165,153,290,140,138,178,109,127,372,105,243,123,361,135,518,996,454,808,1756,468,1097,680,1758,543,63,40,53,47,157,33,113,31,129,59,454,429,559,588,971,316,484,303,1101,266,155,279,123,227,460,162,291,100,459,209,1251,2060,1340,1706,3958,1046,2895,1187,3412,1480,171,127,114,115,306,85,201,88,274,142,111,181,171,168,456,126,286,142,334,131,84,136,88,69,245,88,124,70,319,70,73,55,37,69,97,43,85,46,90,26,204,232,171,138,540,127,226,101,301,141,48,82,39,83,175,58,90,125,135,72,101,81,72,102,203,52,157,61,215,75,76,82,57,102,254,83,94,78,111,81,93,135,148,149,393,110,193,115,219,121,72,74,44,50,151,44,118,56,114,44,42,33,49,68,149,42,85,48,89,47,105,70,54,68,170,49,93,46,130,50,33,58,19,37,110,28,81,27,130,66,157,76,163,225,348,158,315,134,276,144,180,294,150,200,671,209,263,156,328,230,72,81,37,73,158,69,141,45,105,68,87,103,89,144,361,104,176,86,200,117,54,80,58,83,211,55,100,53,185,62,60,35,33,29,108,35,35,34,105,25,39,66,58,57,180,35,124,62,114,65,36,36,35,57,139,42,125,56,61,29,49,44,59,52,148,69,59,39,90,56,35,31,38,36,99,30,90,14,40,26,130,135,77,213,354,136,142,88,299,125,70,117,60,68,200,72,133,60,148,72,258,251,171,287,595,183,295,160,382,219,90,83,92,139,212,67,162,70,152,81,41,34,20,36,90,8,57,44,65,23,181,182,139,143,289,128,296,106,242,83,97,146,60,94,212,63,133,71,123,60,29,105,33,89,179,39,76,67,80,68,54,105,34,53,138,24,109,31,58,69,90,103,59,123,289,70,109,53,128,91,84,121,99,128,220,52,121,51,198,83,185,231,183,207,448,156,364,164,418,171,78,105,70,93,264,53,179,86,139,72,44,36,28,18,76,19,37,46,69,32,149,131,140,91,266,136,175,132,231,81,105,115,50,86,182,83,142,91,141,56,40,43,43,58,136,44,60,48,80,48,193,170,113,381,588,195,363,185,252,184,17,21,13,21,55,9,50,,59,24,180,243,134,235,496,242,303,206,320,242,67,62,53,82,235,58,91,73,85,52,20,54,39,17,107,32,76,17,70,49,39,54,36,51,170,49,86,44,84,62,99,106,88,85,288,60,180,94,152,77,93,94,75,128,175,86,144,129,231,62,298,388,239,561,863,326,652,297,687,348,197,268,181,212,469,181,340,234,293,204,74,101,84,108,230,76,139,97,141,64
38,45,37,42,125,31,72,40,61,40,14,6,19,13,16,3,30,11,38,10,54,58,50,40,98,44,66,40,62,42,161,188,126,170,356,148,331,172,280,150,98,100,83,149,307,89,204,79,162,81,137,134,98,168,317,90,216,86,169,143,90,129,82,192,324,97,124,114,169,82,128,167,130,147,370,89,255,112,289,105,327,778,252,649,1397,380,981,471,1176,471,56,37,33,33,115,19,82,26,76,25,263,363,321,392,804,255,353,229,639,244,121,224,92,185,384,141,221,92,350,133,843,1348,1006,1234,2850,757,2010,790,2419,1010,118,100,85,79,194,54,158,59,197,72,143,146,123,188,445,108,256,100,239,111,74,100,73,84,207,75,127,54,194,51,62,56,47,53,108,29,67,36,72,39,102,196,92,151,424,115,218,92,189,130,47,54,22,56,107,35,64,73,71,42,83,84,54,95,225,71,135,63,188,73,56,62,49,62,218,42,74,53,76,63,107,107,104,137,363,110,213,115,147,107,48,42,24,24,98,27,69,31,53,32,42,52,43,63,193,53,108,62,75,61,78,38,31,56,118,37,62,26,74,51,15,37,16,34,61,29,47,17,53,26,83,128,96,176,319,129,263,66,145,115,186,251,116,222,682,254,305,142,284,197,62,76,34,77,161,68,105,55,105,46,78,83,81,133,323,78,213,74,156,78,61,60,45,50,142,37,74,44,113,28,45,31,43,45,81,15,44,49,103,19,82,83,73,34,163,37,128,76,123,57,31,38,27,53,92,32,68,57,47,18,49,65,75,56,136,63,91,52,83,70,18,27,22,19,59,22,58,17,32,39,104,125,81,183,288,136,174,80,194,126,90,124,66,63,205,59,154,47,133,54,193,202,98,234,451,129,249,132,221,214,84,86,72,130,203,65,112,63,110,74,31,24,27,42,76,27,57,31,70,24,135,151,114,154,273,85,247,80,233,90,133,176,69,123,312,82,191,100,204,88,27,64,20,42,122,24,59,42,55,29,38,52,29,62,107,12,66,36,56,39,88,95,41,112,253,103,107,62,109,92,55,51,46,53,94,29,79,36,106,33,204,249,125,214,496,180,313,160,328,130,61,88,69,101,242,71,157,90,143,65,34,19,13,17,50,24,42,17,48,14,94,108,79,81,228,92,160,85,173,75,63,81,37,59,132,48,97,58,101,39,36,36,21,50,128,37,72,35,72,41,93,107,52,165,340,128,226,108,151,87,8,13,3,19,22,5,21,6,23,11,108,175,77,155,357,163,195,116,202,155,57,82,36,65,251,57,92,69,82,71,31,71,36,17,128,30,56,25,43,44,36,38,29,43,113,38,74,38,72,48,97,81,83,76,263,54,142,84,147,81,78,79,56,115,196,79,103,117,187,40,136,215,152,349,484,174,375,170,322,181,136,232,101,191,463,171,358,174,222,222,55,63,51,85,143,50,112,68,112,43
52,53,30,55,118,32,59,50,61,38,15,14,20,6,19,2,33,1,46,6,67,59,71,41,113,56,102,47,121,33,195,217,155,241,487,207,422,182,309,179,85,75,72,93,195,69,148,45,117,57,207,173,124,251,454,155,300,112,202,177,130,125,88,179,313,115,137,97,192,90,122,184,103,152,350,75,247,102,238,128,581,737,473,620,1318,368,898,429,1396,417,59,26,44,45,131,23,82,28,82,27,343,400,287,429,799,258,415,275,610,210,216,330,201,215,513,167,324,163,527,226,1187,1547,1178,1222,3115,780,2331,873,2667,1040,140,173,86,78,237,53,183,63,188,112,164,127,163,161,455,112,254,119,306,115,105,130,67,112,245,98,175,69,274,80,50,39,43,43,90,34,55,30,82,25,174,230,141,135,455,110,199,101,267,146,42,68,35,74,166,43,62,77,108,71,76,67,37,66,143,44,98,46,160,40,63,98,83,74,239,57,97,73,97,92,103,108,88,135,351,112,189,123,150,97,55,51,32,33,89,26,65,37,51,27,76,59,66,78,197,60,130,49,73,73,92,76,45,77,181,41,106,21,107,57,34,48,19,17,73,12,62,20,64,31,124,134,135,201,379,156,270,154,182,171,229,266,177,226,683,217,303,171,290,203,84,75,51,73,187,62,100,68,111,48,88,92,80,115,339,68,142,76,162,79,58,50,33,55,111,28,93,34,110,29,49,51,32,50,113,34,57,49,84,32,78,73,64,39,158,34,112,75,86,60,45,28,31,62,92,31,94,65,71,23,55,70,78,48,148,55,90,71,74,49,19,19,21,16,44,15,41,20,45,20,86,96,63,129,208,82,129,62,162,82,74,75,65,53,150,33,131,27,90,58,254,249,135,247,526,153,292,131,265,214,102,78,66,141,217,53,130,54,151,69,22,26,25,36,64,22,71,28,59,18,169,219,187,230,428,147,327,131,294,129,140,162,75,129,349,80,181,113,230,90,43,84,42,76,200,55,111,47,68,45,51,99,45,62,160,38,99,59,51,90,92,95,65,105,245,69,103,47,127,83,66,64,36,49,142,34,94,41,109,49,175,210,144,187,397,135,292,134,317,130,108,89,106,91,289,77,166,70,168,75,40,37,23,24,88,24,54,41,84,29,120,105,99,85,207,75,166,107,150,70,79,89,77,89,181,66,127,62,115,36,51,39,47,59,123,31,73,33,70,41,159,156,118,255,469,147,307,171,248,150,29,33,19,14,63,15,38,9,56,28,124,171,88,163,373,143,239,114,203,121,45,82,51,72,246,66,73,77,65,75,38,64,59,26,144,23,83,14,68,39,45,48,40,53,138,58,95,42,82,52,162,95,81,91,283,92,160,74,146,76,98,67,62,101,137,57,97,81,151,33,182,261,175,327,470,181,390,170,351,187,162,196,135,133,393,148,297,180,238,186,73,73,32,74,173,44,101,63,96,39
52,48,42,65,151,19,70,36,63,30,14,8,14,5,23,4,30,8,20,7,53,61,63,46,81,34,89,53,87,39,163,154,129,150,360,125,346,167,220,183,66,59,64,78,185,57,100,36,104,42,210,238,140,239,559,129,354,115,184,188,108,112,110,180,365,113,146,93,157,83,91,131,90,112,311,59,192,85,195,92,576,704,613,556,1323,339,880,422,1364,428,66,33,46,37,190,31,107,21,78,50,301,424,300,409,895,278,427,222,625,218,133,139,123,133,277,86,173,69,265,118,1020,1415,1125,1175,2824,740,1973,795,2244,1030,121,157,93,86,254,44,201,81,177,101,110,142,138,119,385,107,243,111,201,112,77,90,57,85,160,61,122,48,170,58,67,64,52,68,176,48,105,57,70,57,89,151,102,75,275,70,127,58,158,75,57,50,36,46,133,45,54,67,86,41,83,98,74,75,209,55,111,67,170,45,67,88,67,53,213,39,107,75,83,68,62,69,66,96,244,71,136,88,88,78,41,41,42,26,78,23,83,39,56,30,47,37,52,53,145,46,79,36,62,43,58,64,43,56,132,28,78,15,65,46,21,32,29,21,54,20,57,17,40,37,139,126,110,184,367,143,275,167,190,122,73,122,74,99,334,105,143,66,125,94,49,47,31,50,120,39,86,49,60,42,103,90,91,130,334,80,172,76,147,101,43,56,38,54,117,23,63,26,86,29,39,29,28,32,75,21,36,23,57,18,47,57,46,22,78,22,97,58,52,30,43,25,32,32,84,12,59,38,36,21,39,54,50,38,123,36,62,32,39,52,19,23,33,34,63,18,67,25,32,27,89,84,66,116,192,81,128,55,165,63,53,71,41,43,103,29,95,29,52,34,222,277,169,246,530,138,285,152,245,186,61,68,55,96,156,45,125,31,77,56,24,17,17,26,49,15,46,17,41,14,112,130,92,119,230,82,204,67,147,77,68,108,46,66,190,45,122,68,111,48,41,87,71,61,185,43,77,59,57,65,37,69,36,34,102,23,64,34,37,58,99,113,77,118,255,75,110,53,124,77,78,86,52,85,182,41,122,56,126,60,166,177,105,159,377,115,253,103,291,107,69,79,59,55,225,59,123,56,102,52,31,28,25,19,51,18,54,26,37,11,84,89,95,48,146,50,143,61,152,44,58,63,40,53,114,45,87,46,80,35,38,23,20,27,86,15,50,19,32,24,150,140,103,240,438,143,334,144,169,138,11,32,22,14,47,6,20,3,33,21,145,199,110,202,451,158,253,125,209,149,44,56,21,29,128,32,58,41,30,43,28,21,32,18,69,16,36,10,37,16,41,31,30,31,94,27,55,8,56,25,90,68,79,73,234,72,128,73,115,79,72,61,71,91,141,55,93,69,138,26,218,227,183,352,581,205,411,149,369,175,107,136,99,83,295,91,227,138,150,153,41,37,26,44,115,29,60,48,65,45
74,61,57,59,174,39,85,53,96,48,20,25,26,17,24,11,51,8,33,10,47,61,66,38,126,39,93,38,88,50,184,210,169,166,395,131,339,161,298,176,91,80,88,117,288,80,141,57,122,72,128,170,94,151,322,76,207,74,127,128,128,150,143,176,374,91,153,102,219,95,93,170,104,114,316,73,199,93,224,117,562,780,644,642,1334,355,862,442,1430,444,76,36,50,32,142,25,78,21,84,32,339,432,432,382,812,240,438,232,812,230,162,226,142,171,423,140,273,135,345,194,1071,1343,1176,1060,2644,728,1792,743,2418,978,128,157,121,111,301,48,217,95,188,110,128,116,162,104,310,72,212,84,244,87,98,154,88,108,284,116,166,53,267,88,50,45,33,36,90,27,62,35,55,23,195,281,207,142,604,141,267,117,278,163,35,55,46,52,131,41,43,74,83,39,105,82,79,93,240,72,114,49,197,54,68,114,84,43,223,48,83,74,106,66,118,161,105,126,362,122,221,131,178,157,58,70,52,31,110,25,116,32,64,39,76,44,74,58,196,49,101,41,88,52,70,50,36,66,138,31,76,14,72,42,26,42,24,30,81,20,51,28,46,32,152,129,157,195,342,140,289,145,201,136,182,233,168,212,590,206,278,149,294,187,96,76,46,81,162,70,117,40,103,63,90,73,64,108,273,60,119,74,138,86,54,68,57,59,160,37,81,31,138,35,45,30,31,24,84,24,38,38,54,24,76,69,82,48,160,30,99,55,115,54,44,35,49,32,111,22,68,56,53,13,59,97,82,57,180,57,108,40,91,84,20,25,28,34,68,13,80,14,43,26,131,112,67,136,268,109,147,95,189,92,69,113,81,55,185,43,115,38,121,50,214,236,158,229,535,136,293,124,219,186,90,101,73,127,232,59,118,63,78,83,21,36,20,28,73,10,47,22,43,22,126,198,168,164,352,105,302,122,279,101,149,163,92,111,318,78,175,106,219,102,30,56,48,57,122,31,69,26,45,48,45,63,37,40,110,25,87,47,46,51,106,92,73,112,277,77,114,40,113,92,78,117,72,78,194,42,97,56,88,79,176,221,127,172,406,145,273,125,255,86,87,80,94,61,249,53,133,83,130,60,33,36,34,32,80,21,63,43,64,25,140,121,117,67,224,76,185,87,185,57,103,98,53,63,192,63,132,57,141,53,37,23,21,27,73,20,46,29,44,24,117,115,78,160,353,97,246,85,140,89,26,19,6,15,35,12,34,8,20,12,100,178,94,148,392,152,221,103,167,153,72,85,63,69,219,54,92,56,79,68,56,72,62,25,175,33,82,19,83,52,49,43,38,43,113,36,74,16,55,36,115,91,103,58,258,48,130,60,121,83,80,78,56,101,164,49,104,78,125,35,216,281,245,354,549,209,412,202,409,219,207,230,158,215,537,158,363,231,233,240,44,97,45,59,170,35,95,63,62,52
73,46,51,62,159,35,69,47,88,33,20,20,28,12,32,7,29,6,48,11,76,44,82,25,97,37,76,26,98,33,142,177,134,159,360,130,274,158,257,165,69,59,76,79,185,65,106,38,94,51,132,170,114,140,359,99,209,75,170,133,121,175,119,201,375,100,167,112,226,104,92,152,97,117,307,52,159,88,194,108,557,733,560,589,1268,322,791,413,1331,389,59,32,62,37,134,24,57,23,86,22,350,464,391,382,883,285,408,262,744,225,132,223,134,153,335,98,230,77,292,154,993,1516,1126,1126,2819,806,1952,827,2339,1068,70,90,62,59,171,27,136,58,147,69,84,105,121,98,281,73,180,83,189,75,81,108,83,68,220,48,96,41,230,72,48,44,41,54,140,35,55,38,53,41,107,161,130,86,358,77,143,97,181,86,30,44,43,26,101,29,47,48,83,28,108,83,81,85,227,68,116,54,237,56,53,96,64,50,198,45,92,51,75,56,97,99,96,118,273,87,143,93,116,81,40,47,42,19,70,12,67,39,70,45,46,48,67,60,186,47,73,46,68,62,58,46,39,49,105,16,46,20,75,36,34,42,33,25,88,21,48,23,71,36,133,109,143,164,311,122,210,116,173,91,123,194,112,148,441,159,211,97,207,125,54,56,32,53,129,54,79,39,52,40,55,72,64,77,216,54,106,41,107,39,55,85,53,60,153,40,101,36,123,39,39,39,26,31,79,18,34,24,59,26,43,54,50,29,106,27,73,41,66,38,41,29,45,25,75,18,79,45,51,23,28,55,45,30,93,39,67,36,41,53,8,21,28,21,65,16,43,13,28,29,111,90,102,134,255,134,148,72,234,95,46,67,41,49,147,34,91,24,89,38,168,177,143,157,391,99,207,87,202,174,65,78,54,102,160,39,71,36,103,42,26,33,13,29,52,15,26,28,44,18,94,132,99,119,214,69,187,58,175,66,88,138,60,72,241,64,133,66,160,78,42,48,61,54,145,40,71,32,83,56,39,80,34,44,119,23,76,21,71,49,77,76,59,64,187,48,80,22,96,48,64,77,62,50,126,29,75,36,99,42,169,231,135,152,395,127,231,120,340,91,61,49,59,36,171,44,86,50,96,33,20,40,26,18,49,11,30,14,40,13,86,119,97,63,173,64,159,77,152,64,70,69,68,51,110,46,87,48,102,43,25,21,33,27,91,32,50,18,41,20,120,130,85,180,346,116,247,96,174,108,30,33,21,13,54,12,30,4,58,22,109,172,82,122,351,132,188,82,176,147,46,45,36,30,142,33,60,33,50,37,24,53,40,16,120,26,59,15,56,27,36,36,31,29,95,17,49,21,62,25,99,76,77,50,154,43,119,51,109,63,71,63,55,97,132,33,77,71,169,39,204,246,259,288,493,182,384,164,388,189,99,148,101,116,281,96,234,106,157,160,48,52,46,40,133,30,77,42,76,46
124,94,92,95,233,40,132,95,150,57,50,41,53,47,73,12,91,11,111,26,128,127,136,78,278,88,175,82,187,72,362,396,312,336,865,354,755,329,678,415,118,130,147,199,374,133,229,72,292,104,259,358,217,299,720,180,501,140,294,283,234,378,270,508,998,252,346,162,574,236,181,326,203,238,668,128,340,156,410,227,1211,1888,1255,1443,3118,827,2058,929,3393,1018,119,84,122,58,312,66,205,68,152,90,721,948,806,882,1754,524,870,425,1646,444,396,601,366,399,990,270,581,235,1091,417,2185,3165,2531,2517,5988,1706,4329,1659,5108,2381,254,282,210,172,549,105,307,105,394,203,208,279,292,229,707,131,428,192,416,178,191,219,152,173,462,134,253,67,487,129,111,135,94,117,327,92,136,104,125,73,345,547,356,284,1049,243,447,195,536,299,59,95,104,106,235,70,88,85,188,76,216,233,188,189,536,155,274,127,489,115,125,185,147,112,419,127,171,80,163,126,156,192,197,239,594,170,295,169,300,199,78,127,71,56,209,34,130,77,144,73,106,100,120,72,284,49,155,86,153,84,102,72,53,85,198,75,125,24,127,68,93,94,67,38,165,43,120,40,160,46,272,246,230,384,638,227,463,260,371,235,347,434,285,338,1075,330,504,246,570,326,169,99,118,149,307,131,191,86,203,96,149,165,159,208,548,128,289,128,276,138,87,136,121,96,245,53,150,72,251,75,84,59,52,49,152,45,67,70,153,30,95,100,94,37,213,31,118,72,130,37,69,52,61,44,130,18,115,65,80,28,76,138,152,69,217,78,119,106,137,109,24,74,77,38,176,30,99,35,88,50,218,158,162,291,520,168,246,150,477,173,117,128,69,68,216,66,169,44,162,84,409,402,288,363,899,256,484,194,462,371,187,164,145,284,436,96,226,111,222,137,67,45,48,65,121,28,80,24,95,53,200,312,199,240,514,147,460,171,390,184,164,256,147,172,508,103,246,129,318,111,114,182,135,157,379,87,162,60,188,144,88,151,83,101,214,65,182,83,166,84,200,168,169,212,499,124,213,74,248,119,121,177,88,125,315,73,142,75,195,95,235,346,218,280,709,280,401,233,559,205,245,241,207,190,684,128,286,173,353,139,87,82,82,60,164,44,142,45,100,42,216,247,226,141,402,127,278,160,352,117,179,161,147,131,317,102,177,105,254,78,80,84,74,54,197,48,127,71,135,59,288,311,250,423,833,256,528,235,497,232,48,52,22,25,105,16,56,10,109,39,263,279,175,252,612,228,329,157,381,233,114,146,90,125,369,88,175,113,115,122,35,60,79,23,171,34,86,31,83,36,84,100,97,74,219,102,127,53,152,62,207,211,189,176,438,133,244,135,293,165,185,145,175,223,306,91,166,151,401,64,412,517,499,721,1019,398,753,294,871,367,341,387,302,277,801,215,554,348,475,322,128,176,118,165,383,98,212,86,175,101
33,68,35,48,132,24,56,34,59,33,25,32,34,24,45,7,54,12,70,11,64,64,65,47,102,38,93,37,100,29,134,181,162,150,386,137,332,138,269,151,66,75,83,87,190,61,127,28,122,48,146,150,72,208,339,110,217,67,131,123,92,143,103,198,367,115,160,81,206,92,102,164,101,126,357,76,198,84,273,106,580,857,641,708,1537,346,912,422,1644,492,31,25,23,37,93,20,60,28,47,17,289,427,361,467,856,251,420,238,749,250,219,321,222,232,529,159,312,143,517,233,962,1535,1187,1311,2925,784,1978,793,2403,1111,108,122,71,80,216,32,131,58,178,88,79,106,100,122,288,85,160,86,205,99,75,116,81,111,217,80,130,56,248,54,40,57,39,60,125,37,64,40,62,41,98,97,116,80,275,57,133,52,171,68,28,41,31,35,94,34,38,40,72,34,103,75,78,90,192,48,119,59,182,51,59,103,80,62,211,59,100,67,93,66,113,103,87,135,293,80,161,86,137,91,50,56,53,36,112,24,78,34,72,48,44,40,43,39,144,33,67,25,59,49,88,72,46,84,150,46,100,21,75,57,46,49,34,37,97,20,79,25,143,48,92,121,94,139,309,116,218,103,142,103,130,165,129,146,427,124,166,93,220,124,65,48,57,72,121,51,93,29,84,44,58,74,68,133,296,79,149,45,126,74,62,85,53,77,144,31,87,46,139,34,31,33,18,37,88,25,26,24,47,26,45,32,47,27,85,11,46,40,65,30,43,23,44,46,110,29,93,41,61,29,34,49,44,28,97,30,60,26,42,49,4,8,12,15,45,7,32,6,23,26,143,113,96,192,273,123,126,90,242,105,61,84,64,54,142,42,99,26,108,46,236,274,176,292,563,128,313,104,259,236,70,85,64,119,192,57,108,59,95,51,23,21,31,31,50,15,53,22,53,19,124,156,105,138,285,78,213,75,234,102,84,139,104,96,304,53,119,69,141,97,64,87,64,74,212,53,68,28,89,81,43,64,46,37,109,24,68,53,56,54,100,94,93,121,266,76,118,48,135,90,45,71,46,47,121,35,71,27,72,50,154,205,138,201,411,131,257,115,310,115,65,114,78,85,288,60,134,79,133,71,39,42,25,30,46,29,47,25,60,30,79,121,107,77,204,72,173,69,191,51,65,53,59,48,117,38,84,47,118,31,28,29,31,36,89,24,57,22,63,24,132,149,108,273,443,153,273,134,215,129,25,37,23,19,61,10,49,5,56,27,97,124,84,98,279,92,129,72,160,91,44,34,29,60,149,45,64,49,46,41,35,55,45,16,101,18,54,14,52,24,46,57,52,49,112,49,61,47,67,36,107,90,69,84,212,48,117,70,114,54,77,56,69,89,114,38,96,80,138,22,187,227,189,312,422,171,330,137,334,161,105,142,113,114,292,84,215,107,173,110,50,66,47,63,167,19,91,43,82,40
43,42,38,59,130,22,56,36,60,27,15,19,16,24,60,7,44,9,55,13,73,65,68,43,165,32,108,37,107,53,188,222,190,204,452,164,402,172,310,199,90,67,93,118,250,67,137,33,145,68,130,124,104,197,350,93,217,87,165,124,94,152,91,200,396,130,173,82,208,104,119,229,140,140,361,81,224,110,296,130,679,938,756,923,1683,370,1020,570,2106,541,52,41,54,45,159,20,78,36,88,37,334,526,473,520,991,294,466,244,851,266,277,295,197,278,504,135,295,146,674,194,1215,1826,1367,1531,3475,960,2167,915,3145,1304,109,120,79,107,256,64,166,68,196,106,122,98,113,134,342,94,201,80,240,90,88,101,64,112,190,77,148,55,221,64,45,55,53,56,145,39,76,49,56,33,123,137,114,100,339,86,154,75,182,102,37,34,36,39,130,37,45,52,84,42,152,117,90,139,278,58,169,89,278,72,79,122,84,84,264,77,135,80,117,98,96,137,112,136,349,96,173,64,164,134,48,36,26,22,70,21,58,43,53,27,47,47,41,75,172,52,90,41,78,55,90,43,49,81,155,39,84,21,103,39,44,41,41,39,102,29,55,28,115,52,107,127,124,175,341,92,222,101,194,109,226,298,196,231,643,162,238,151,368,179,77,82,70,108,209,76,111,48,100,66,77,75,60,124,266,60,140,44,160,75,46,90,60,59,158,34,79,32,130,43,53,62,32,52,121,32,48,39,85,38,53,65,76,42,139,29,96,55,113,34,42,24,35,27,100,20,53,26,50,21,49,89,81,63,161,67,78,46,77,77,24,29,27,41,84,16,83,27,38,30,161,117,97,171,295,107,154,81,285,108,65,72,60,52,124,30,102,33,95,34,184,225,139,207,490,133,226,108,230,199,80,71,41,129,166,52,91,46,81,50,17,27,16,35,51,11,54,20,38,17,98,131,89,130,274,82,232,70,174,69,105,166,93,114,351,72,147,41,200,106,51,73,54,89,164,50,79,37,85,59,53,58,68,50,128,25,77,35,57,55,125,135,120,194,342,106,155,57,179,104,71,108,40,58,153,34,82,45,97,61,192,299,170,254,514,205,302,171,439,173,88,70,84,92,233,64,131,70,129,68,25,28,32,22,66,13,54,25,54,19,114,83,128,84,198,73,171,82,248,51,92,91,59,70,155,40,115,75,147,60,35,31,23,41,106,36,62,32,52,35,115,105,76,243,313,142,207,99,197,112,24,16,8,15,52,5,29,3,52,17,83,146,79,148,310,108,153,99,172,115,69,80,47,81,212,52,117,56,86,62,47,56,49,13,122,14,71,20,87,25,50,45,48,44,130,44,52,41,76,27,84,77,61,70,205,64,91,58,114,63,115,94,61,147,194,64,127,82,167,40,239,255,231,385,535,191,396,151,472,179,147,135,150,141,316,68,175,131,251,117,49,41,52,63,150,33,101,39,90,49
43,68,61,68,182,29,88,44,75,43,26,19,39,25,41,3,53,13,66,17,68,48,72,36,103,36,59,43,112,35,132,124,132,147,303,100,211,101,226,127,66,53,51,81,189,42,117,31,101,53,178,167,115,215,346,92,255,97,172,148,83,140,93,202,368,89,136,92,215,73,81,135,95,94,333,72,153,78,192,94,628,868,615,704,1542,378,942,423,1771,502,73,43,40,38,143,32,92,27,107,52,313,399,357,472,857,197,367,216,708,230,171,262,174,210,456,110,252,92,505,179,1169,1714,1458,1592,3453,890,2229,850,3078,1240,127,137,67,82,200,43,126,88,214,122,97,134,119,152,364,88,198,107,198,93,97,125,79,91,176,58,126,30,279,53,74,75,56,70,182,34,102,65,78,45,123,156,165,124,387,72,126,83,215,96,50,42,44,63,155,45,51,92,67,48,89,110,83,90,249,46,96,64,165,71,58,65,44,54,181,36,88,44,78,50,102,95,107,158,368,94,175,96,159,107,46,60,44,30,144,19,54,52,79,37,46,59,51,66,209,51,71,39,61,72,72,49,45,67,148,46,88,23,75,52,43,34,31,38,82,28,59,29,129,37,116,146,141,208,397,107,242,133,182,163,195,204,139,277,571,172,203,152,308,182,67,75,59,78,169,60,87,38,117,61,77,80,81,100,296,74,112,51,117,66,49,64,39,61,136,23,58,35,95,31,37,36,29,45,77,15,42,14,80,27,69,66,54,43,149,19,93,65,120,39,33,30,31,46,107,23,60,34,55,28,28,55,54,56,116,49,86,35,70,48,13,24,22,21,75,15,39,14,29,23,106,90,79,150,265,104,116,66,202,92,34,79,41,51,120,19,79,29,81,43,222,215,154,240,492,124,232,79,239,181,87,84,49,160,189,63,125,66,114,45,27,35,23,24,65,15,60,22,51,31,126,139,116,146,279,78,188,81,219,67,101,205,94,144,411,132,169,62,182,127,37,65,35,76,164,51,59,25,80,77,25,31,35,61,99,17,70,29,32,37,95,87,67,145,247,82,71,31,118,93,73,75,57,71,142,57,97,50,112,53,133,209,115,165,382,118,178,108,294,116,88,95,67,91,311,73,107,78,143,66,46,30,46,24,66,26,67,31,76,29,84,98,90,89,160,48,140,89,201,53,51,86,43,63,120,38,70,64,89,40,43,36,35,49,128,39,56,27,62,58,129,126,76,240,362,125,227,135,157,120,34,28,22,14,54,7,45,1,53,28,95,122,75,128,284,95,169,66,139,129,53,84,50,61,215,49,58,57,68,66,27,70,37,21,149,27,75,24,50,29,32,36,48,39,119,38,56,38,67,24,92,85,57,98,229,46,131,64,118,76,101,89,84,125,188,59,97,65,202,51,162,241,179,304,507,158,303,141,366,160,147,244,163,198,489,152,314,172,276,222,41,59,49,70,167,33,68,37,110,41
